{"cameraMode":{"drawMode":0,"name":"Shaded","section":"Shading Mode"},"sceneLighting":false,"audioPlay":false,"sceneViewState":{"showFog":true,"showMaterialUpdate":false,"showSkybox":false,"showFlares":true,"showImageEffects":true,"showParticleSystems":true},"in2DMode":false,"pivot":{"x":2.7771544456481935,"y":1.4178094863891602,"z":-2.2898051738739015},"rotation":{"x":-0.2704986333847046,"y":0.37708351016044619,"z":-0.11615394055843353,"w":-0.8781501054763794},"size":22.0,"orthographic":false}