{"cameraMode":{"drawMode":0,"name":"Shaded","section":"Shading Mode"},"sceneLighting":false,"audioPlay":false,"sceneViewState":{"showFog":true,"showMaterialUpdate":false,"showSkybox":false,"showFlares":true,"showImageEffects":true,"showParticleSystems":true},"in2DMode":false,"pivot":{"x":-4.76837158203125e-7,"y":1.2091734409332276,"z":0.13694044947624207},"rotation":{"x":0.05099068582057953,"y":0.9417120814323425,"z":-0.2878951132297516,"w":0.1666695773601532},"size":2.5602352619171144,"orthographic":false}