{"cameraMode":{"drawMode":0,"name":"Shaded","section":"Shading Mode"},"sceneLighting":false,"audioPlay":false,"sceneViewState":{"showFog":true,"showMaterialUpdate":false,"showSkybox":false,"showFlares":true,"showImageEffects":true,"showParticleSystems":true},"in2DMode":false,"pivot":{"x":-4.76837158203125e-7,"y":1.2091734409332276,"z":0.13694044947624207},"rotation":{"x":0.0019491147249937058,"y":0.9914718866348267,"z":-0.12982089817523957,"w":0.014552227221429348},"size":2.8602352142333986,"orthographic":false}