{"cameraMode":{"drawMode":0,"name":"Shaded","section":"Shading Mode"},"sceneLighting":false,"audioPlay":false,"sceneViewState":{"showFog":true,"showMaterialUpdate":false,"showSkybox":false,"showFlares":true,"showImageEffects":true,"showParticleSystems":true},"in2DMode":false,"pivot":{"x":0.9776445031166077,"y":1.4472746849060059,"z":0.5102238655090332},"rotation":{"x":0.048975784331560138,"y":0.9135004878044128,"z":-0.1086503192782402,"w":0.3898787498474121},"size":-1.3359110355377198,"orthographic":false}