{"cameraMode":{"drawMode":0,"name":"Shaded","section":"Shading Mode"},"sceneLighting":false,"audioPlay":false,"sceneViewState":{"showFog":true,"showMaterialUpdate":false,"showSkybox":false,"showFlares":true,"showImageEffects":true,"showParticleSystems":true},"in2DMode":false,"pivot":{"x":-2.1232714653015138,"y":0.25,"z":4.474330425262451},"rotation":{"x":0.014854827895760537,"y":0.9857267737388611,"z":-0.14816927909851075,"w":0.08281873166561127},"size":1.1574429273605347,"orthographic":false}